Frame,Time,X,Y
0,0,155.946174,129.656839
1,0.04,155.94617,129.656785
2,0.08,157.190981,129.44223
3,0.12,157.832767,129.266495
4,0.16,157.183135,129.450923
5,0.2,158.412885,129.113898
6,0.24,159.43646,128.816064
7,0.28,159.837035,128.567469
8,0.32,159.438786,128.817145
9,0.36,160.177682,128.239103
10,0.4,160.782074,127.609955
11,0.44,161.032718,127.307421
12,0.48,160.782802,127.608927
13,0.52,161.338554,127.038714
14,0.56,161.840964,126.741493
15,0.6,162.027396,126.706812
16,0.64,161.840954,126.745417
17,0.68,162.168739,126.723786
18,0.72,162.367757,126.828013
19,0.76,162.392523,126.942192
20,0.8,162.367454,126.829383
21,0.84,162.398461,127.07829
22,0.88,162.299967,127.308565
23,0.92,162.235174,127.419048
24,0.96,162.298709,127.311044
25,1,162.174592,127.545303
26,1.04,162.117306,127.705998
27,1.08,162.098138,127.721935
28,1.12,162.118332,127.704491
29,1.16,162.047089,127.740318
30,1.2,161.876398,127.929276
31,1.24,161.725457,128.112899
32,1.28,161.876555,127.927979
33,1.32,161.599576,128.157374
34,1.36,161.601146,128.246687
35,1.4,161.935845,128.298832
36,1.44,161.602381,128.242598
37,1.48,162.542509,128.337778
38,1.52,164.60505,128.395634
39,1.56,165.929475,128.463396
40,1.6,164.617091,128.396172
41,1.64,167.422317,128.44377
42,1.68,170.699681,128.304227
43,1.72,172.460295,128.182241
44,1.76,170.710381,128.322606
45,1.8,174.151576,128.134074
46,1.84,177.535747,127.985874
47,1.88,178.988118,128.022028
48,1.92,177.555282,128.031685
49,1.96,180.198764,128.01012
50,2,181.824351,127.865086
51,2.04,182.166827,127.733646
52,2.08,181.825651,127.873253
53,2.12,182.25311,127.553306
54,2.16,181.812965,126.975159
55,2.2,181.43127,126.591686
56,2.24,181.808104,126.979334
57,2.28,180.926315,126.199034
58,2.32,179.513996,125.615898
59,2.36,178.593676,125.415347
60,2.4,179.522018,125.628734
61,2.44,177.560797,125.454983
62,2.48,175.126654,125.556092
63,2.52,173.619821,125.639136
64,2.56,175.121475,125.563013
65,2.6,172.136298,125.745727
66,2.64,168.989866,126.089232
67,2.68,166.880216,126.473045
68,2.72,168.981145,126.104079
69,2.76,166.260147,126.391018
70,2.8,163.902255,126.785316
71,2.84,161.406704,127.180985
72,2.88,163.919855,126.755839
73,2.92,161.632273,127.145897
74,2.96,158.783398,127.61749
75,3,156.629096,128.201222
76,3.04,158.815215,127.579567
77,3.08,155.703443,128.507494
78,3.12,152.5836,129.245111
79,3.16,151.468999,129.411461
80,3.2,152.585167,129.24396
81,3.24,150.617135,129.648079
82,3.28,149.649071,130.173738
83,3.32,149.497083,130.392589
84,3.36,149.648506,130.174889
85,3.4,149.490378,130.511018
86,3.44,149.800758,130.652416
87,3.48,150.106751,130.772471
88,3.52,149.800809,130.652707
89,3.56,150.47517,130.838056
90,3.6,151.104019,130.968708
91,3.64,151.313621,131.057474
92,3.68,151.104166,130.968325
93,3.72,151.491756,131.101062
94,3.76,151.712301,131.123013
95,3.8,151.805271,131.082143
96,3.84,151.711944,131.121801
97,3.88,151.865918,130.998265
98,3.92,151.853916,130.837532
99,3.96,151.810625,130.757013
100,4,151.810615,130.757063
101,4.04,151.810605,130.757113
102,4.08,151.691832,130.79666
103,4.12,151.595706,130.784107
104,4.16,151.691736,130.795506
105,4.2,151.422537,130.805094
106,4.24,151.125824,130.842078
107,4.28,151.060008,130.893753
108,4.32,151.127362,130.839578
109,4.36,151.075697,130.901279
110,4.4,151.320271,130.922021
111,4.44,151.443928,130.907834
112,4.48,151.319051,130.92007
113,4.52,151.553955,130.90047
114,4.56,151.704544,130.910073
115,4.6,151.748282,130.963827
116,4.64,151.70182,130.9109
117,4.68,151.80404,130.882287
118,4.72,151.719909,130.960085
119,4.76,151.626954,130.894672
120,4.8,151.716488,130.952333
121,4.84,151.472334,130.882422
122,4.88,151.175305,130.737185
123,4.92,150.993928,130.712363
124,4.96,151.167542,130.727595
125,5,150.831047,130.523713
126,5.04,150.491325,130.412275
127,5.08,150.358557,130.399885
128,5.12,150.488978,130.412912
129,5.16,150.313906,130.321629
130,5.2,150.416622,130.335407
131,5.24,150.587245,130.341207
132,5.28,150.414664,130.335316
133,5.32,150.767765,130.297207
134,5.36,151.161274,130.300455
135,5.4,151.337746,130.372506
136,5.44,151.158849,130.303159
137,5.48,151.482771,130.453305
138,5.52,151.70011,130.609194
139,5.56,151.764703,130.609742
140,5.6,151.696808,130.606567
141,5.64,151.859875,130.678261
142,5.68,152.0178,130.875173
143,5.72,152.09361,131.049642
144,5.76,152.004547,130.869817
145,5.8,152.011188,131.231575
146,5.84,151.942882,131.625017
147,5.88,152.370592,131.794057
148,5.92,151.929186,131.620272
149,5.96,152.398634,131.93344
150,6,152.995396,132.222697
151,6.04,153.10401,132.326497
152,6.08,152.995245,132.221445
153,6.12,153.184449,132.42255
154,6.16,153.253841,132.598376
155,6.2,153.272296,132.68622
156,6.24,153.253875,132.597404
157,6.28,153.25873,132.835993
158,6.32,153.198152,132.896406
159,6.36,153.189384,132.882989
160,6.4,153.199121,132.894727
161,6.44,153.232746,132.839471
162,6.48,153.270735,132.746096
163,6.52,153.320427,132.735744
164,6.56,153.270707,132.745448
165,6.6,153.339528,132.752417
166,6.64,153.502378,132.674342
167,6.68,153.615676,132.638969
168,6.72,153.502142,132.672251
169,6.76,153.68872,132.511341
170,6.8,153.824941,132.436536
171,6.84,153.902206,132.385762
172,6.88,153.823646,132.435893
173,6.92,153.935846,132.322196
174,6.96,154.088651,132.145462
175,7,154.155971,132.021223
176,7.04,154.087361,132.146457
177,7.08,154.265415,131.934546
178,7.12,154.51232,131.707219
179,7.16,154.606708,131.628715
180,7.2,154.51186,131.703784
181,7.24,154.716873,131.583414
182,7.28,154.908049,131.510379
183,7.32,154.982597,131.537987
184,7.36,154.907675,131.511201
185,7.4,155.074848,131.555675
186,7.44,155.253397,131.650161
187,7.48,155.384098,131.76508
188,7.52,155.253319,131.651447
189,7.56,155.48553,131.842234
190,7.6,155.71264,132.095677
191,7.64,155.805214,132.151082
192,7.68,155.71297,132.094231
193,7.72,155.923155,132.189134
194,7.76,156.083516,132.264447
195,7.8,156.118085,132.311687
196,7.84,156.084023,132.264036
197,7.88,156.153664,132.347932
198,7.92,156.190502,132.414662
199,7.96,156.219927,132.573539
200,8,156.219949,132.573563
201,8.04,156.219971,132.573588
202,8.08,156.238197,132.742907
203,8.12,156.203463,132.843637
204,8.16,156.23799,132.742025
205,8.2,156.157798,132.911683
206,8.24,156.070982,133.056871
207,8.28,156.037273,133.095633
208,8.32,156.070698,133.056475
209,8.36,156.026209,133.090751
210,8.4,155.98915,133.141484
211,8.44,156.000115,133.163011
212,8.48,155.989087,133.139884
213,8.52,155.999091,133.208619
214,8.56,156.099546,133.24968
215,8.6,156.169873,133.279726
216,8.64,156.099354,133.248431
217,8.68,156.263606,133.314997
218,8.72,156.50414,133.308962
219,8.76,156.625853,133.299731
220,8.8,156.503177,133.307814
221,8.84,156.74361,133.271776
222,8.88,156.892658,133.274935
223,8.92,156.920184,133.27953
224,8.96,156.892351,133.273488
225,9,156.957402,133.271721
226,9.04,157.009787,133.30527
227,9.08,156.977022,133.294638
228,9.12,157.0094,133.305123
229,9.16,157.016593,133.295452
230,9.2,156.971947,133.265337
231,9.24,156.920522,133.27659
232,9.28,156.972174,133.264278
233,9.32,156.908491,133.274775
234,9.36,156.797632,133.321908
235,9.4,156.739791,133.39836
236,9.44,156.797722,133.320702
237,9.48,156.68324,133.393827
238,9.52,156.573707,133.450104
239,9.56,156.576133,133.516957
240,9.6,156.573846,133.450137
241,9.64,156.57418,133.603824
242,9.68,156.670675,133.783261
243,9.72,156.703091,133.85818
244,9.76,156.670729,133.781044
245,9.8,156.743774,133.898476
246,9.84,156.747177,133.91217
247,9.88,156.700895,133.90638
248,9.92,156.747437,133.910435
249,9.96,156.681422,133.874361
250,10,156.736757,133.833104
251,10.04,156.784484,133.829826
252,10.08,156.735553,133.831729
253,10.12,156.806765,133.868665
254,10.16,156.744837,133.940064
255,10.2,156.694094,133.97018
256,10.24,156.744175,133.938456
257,10.28,156.657098,133.977688
258,10.32,156.483809,134.038836
259,10.36,156.409018,134.052784
260,10.4,156.48306,134.03515
261,10.44,156.288506,134.082011
262,10.48,155.973555,134.163329
263,10.52,155.827283,134.204109
264,10.56,155.971742,134.162804
265,10.6,155.58053,134.219081
266,10.64,154.961658,134.337381
267,10.68,154.569037,134.358537
268,10.72,154.951941,134.341257
269,10.76,154.147494,134.43283
270,10.8,153.243255,134.601786
271,10.84,152.83979,134.775697
272,10.88,153.240748,134.603142
273,10.92,152.419847,134.880071
274,10.96,151.619206,135.013589
275,11,151.310447,135.065692
276,11.04,151.618497,135.012721
277,11.08,150.977693,135.106571
278,11.12,150.476274,135.115232
279,11.16,150.273321,135.119282
280,11.2,150.476053,135.114839
281,11.24,150.127839,135.095264
282,11.28,149.897279,135.122366
283,11.32,149.826023,135.101436
284,11.36,149.89718,135.119779
285,11.4,149.825884,135.006311
286,11.44,149.887275,134.936159
287,11.48,149.969604,134.89325
288,11.52,149.887405,134.93393
289,11.56,150.088705,134.810822
290,11.6,150.473046,134.671529
291,11.64,150.661015,134.623244
292,11.68,150.47209,134.672967
293,11.72,150.806127,134.67429
294,11.76,150.907867,134.744417
295,11.8,150.919546,134.701499
296,11.84,150.90858,134.742554
297,11.88,150.932971,134.615776
298,11.92,150.905819,134.609126
299,11.96,150.783457,134.70944
300,12,150.78347,134.709381
301,12.04,150.783482,134.709322
302,12.08,150.597965,134.762124
303,12.12,150.557524,134.75618
304,12.16,150.597001,134.76013
305,12.2,150.53687,134.741354
306,12.24,150.751513,134.623507
307,12.28,150.983694,134.556163
308,12.32,150.751045,134.620774
309,12.36,151.308326,134.468165
310,12.4,151.857553,134.350972
311,12.44,152.026801,134.3166
312,12.48,151.856733,134.35038
313,12.52,152.133459,134.229687
314,12.56,152.1284,134.124492
315,12.6,152.066175,134.093594
316,12.64,152.127405,134.123841
317,12.68,152.056544,134.045879
318,12.72,152.080671,134.024541
319,12.76,152.143132,134.012341
320,12.8,152.080313,134.022905
321,12.84,152.214589,133.980768
322,12.88,152.419198,133.845251
323,12.92,152.522822,133.740134
324,12.96,152.417994,133.844468
325,13,152.616136,133.640465
326,13.04,152.768593,133.429392
327,13.08,152.814971,133.288811
328,13.12,152.768721,133.428555
329,13.16,152.830315,133.205725
330,13.2,152.834485,133.034742
331,13.24,152.824808,132.965755
332,13.28,152.83443,133.033896
333,13.32,152.830146,132.880243
334,13.36,152.824043,132.754328
335,13.4,152.825428,132.726636
336,13.44,152.82379,132.75476
337,13.48,152.823288,132.694453
338,13.52,152.852849,132.674854
339,13.56,152.860309,132.716499
340,13.6,152.851968,132.675818
341,13.64,152.872324,132.763502
342,13.68,152.929318,132.789735
343,13.72,152.993146,132.878069
344,13.76,152.928858,132.789753
345,13.8,153.076781,132.929477
346,13.84,153.464799,133.312349
347,13.88,153.768992,133.601888
348,13.92,153.46238,133.307934
349,13.96,154.102767,133.927171
350,14,154.486648,134.395592
351,14.04,154.602925,134.518351
352,14.08,154.486474,134.393158
353,14.12,154.718661,134.585992
354,14.16,154.776335,134.603736
355,14.2,154.801832,134.610572
356,14.24,154.776487,134.601675
357,14.28,154.844509,134.622517
358,14.32,154.869902,134.593032
359,14.36,154.879691,134.582828
360,14.4,154.87019,134.591302
361,14.44,154.891946,134.512609
362,14.48,154.87163,134.322054
363,14.52,154.841629,134.201423
364,14.56,154.871804,134.321802
365,14.6,154.85306,134.079612
366,14.64,154.799091,133.819397
367,14.68,154.759792,133.739195
368,14.72,154.799622,133.818544
369,14.76,154.729957,133.653861
370,14.8,154.690655,133.480288
371,14.84,154.687265,133.392973
372,14.88,154.690596,133.480895
373,14.92,154.67416,133.363541
374,14.96,154.704102,133.286068
375,15,154.742616,133.300634
376,15.04,154.704837,133.2839
377,15.08,154.795519,133.315498
378,15.12,154.920691,133.462315
379,15.16,154.947992,133.560392
380,15.2,154.921344,133.460563
381,15.24,154.945188,133.575755
382,15.28,154.888905,133.586639
383,15.32,154.845473,133.577031
384,15.36,154.889202,133.585986
385,15.4,154.786328,133.561519
386,15.44,154.591406,133.575516
387,15.48,154.480922,133.609792
388,15.52,154.590488,133.573813
389,15.56,154.407096,133.63963
390,15.6,154.240268,133.736711
391,15.64,154.212566,133.785994
392,15.68,154.240397,133.734945
393,15.72,154.194262,133.821932
394,15.76,154.254338,133.818802
395,15.8,154.303397,133.740829
396,15.84,154.253677,133.819226
397,15.88,154.375755,133.722284
398,15.92,154.561874,133.58715
399,15.96,155.037756,133.441137
400,16,155.037815,133.441117
401,16.04,155.037875,133.441096
402,16.08,155.763291,133.361368
403,16.12,156.125521,133.321673
404,16.16,155.762644,133.360285
405,16.2,156.459616,133.249992
406,16.24,157.021112,133.063669
407,16.28,157.22695,133.008704
408,16.32,157.020384,133.063748
409,16.36,157.389822,132.892988
410,16.4,157.662949,132.754743
411,16.44,157.745174,132.744345
412,16.48,157.663038,132.755075
413,16.52,157.80371,132.721632
414,16.56,157.835119,132.54833
415,16.6,157.824676,132.429787
416,16.64,157.834785,132.549585
417,16.68,157.81401,132.323885
418,16.72,157.772907,132.201109
419,16.76,157.763203,132.212755
420,16.8,157.772334,132.202312
421,16.84,157.7475,132.243216
422,16.88,157.660226,132.297118
423,16.92,157.555164,132.352901
424,16.96,157.659268,132.295491
425,17,157.447104,132.361648
426,17.04,157.219277,132.443761
427,17.08,157.114697,132.484954
428,17.12,157.217725,132.442291
429,17.16,157.010284,132.509753
430,17.2,156.84835,132.551706
431,17.24,156.811648,132.563127
432,17.28,156.847953,132.550802
433,17.32,156.77556,132.584951
434,17.36,156.784582,132.571025
435,17.4,156.811764,132.592096
436,17.44,156.783946,132.569678
437,17.48,156.883226,132.594356
438,17.52,157.000354,132.613079
439,17.56,157.037054,132.617182
440,17.6,157.000146,132.61329
441,17.64,157.015517,132.495723
442,17.68,156.812869,132.272441
443,17.72,156.643819,132.194967
444,17.76,156.812773,132.271555
445,17.8,156.466774,132.133866
446,17.84,156.09669,131.998765
447,17.88,155.880592,131.90783
448,17.92,156.095979,131.996932
449,17.96,155.550593,131.744343
450,18,154.794902,131.115388
451,18.04,154.362281,130.846814
452,18.08,154.789697,131.11697
453,18.12,154.006289,130.587026
454,18.16,153.478483,130.260416
455,18.2,153.295198,130.099853
456,18.24,153.477068,130.260019
457,18.28,153.156265,129.878582
458,18.32,153.010236,129.408091
459,18.36,152.991677,129.113409
460,18.4,153.009541,129.406134
461,18.44,152.99124,128.803798
462,18.48,153.105307,128.194758
463,18.52,153.212569,127.93666
464,18.56,153.104739,128.192257
465,18.6,153.395148,127.654468
466,18.64,153.727701,127.283565
467,18.68,153.891733,127.116485
468,18.72,153.728853,127.283298
469,18.76,154.128891,126.924055
470,18.8,154.723577,126.809715
471,18.84,155.020092,126.816568
472,18.88,154.722005,126.810962
473,18.92,155.229436,126.885965
474,18.96,155.361561,126.931811
475,19,155.380943,126.890428
476,19.04,155.362026,126.931237
477,19.08,155.362361,126.861793
478,19.12,155.16376,126.92952
479,19.16,155.002126,127.000732
480,19.2,155.161909,126.930998
481,19.24,154.851735,126.982407
482,19.28,154.48867,126.960149
483,19.32,154.329425,127.002632
484,19.36,154.487664,126.960285
485,19.4,154.181289,127.03076
486,19.44,154.123034,127.091591
487,19.48,154.211243,127.074634
488,19.52,154.123331,127.091622
489,19.56,154.345299,127.109988
490,19.6,154.802296,127.100704
491,19.64,154.9564,127.147446
492,19.68,154.801292,127.099044
493,19.72,155.178256,127.126051
494,19.76,155.428437,127.170924
495,19.8,155.511514,127.20833
496,19.84,155.42814,127.170171
497,19.88,155.5767,127.208963
498,19.92,155.532819,127.278898
499,19.96,155.282008,127.220562
500,20,155.281998,127.220618
501,20.04,155.281988,127.220673
502,20.08,154.863288,127.119265
503,20.12,154.667043,127.011841
504,20.16,154.861039,127.121642
505,20.2,154.503927,126.983031
506,20.24,154.374279,127.179
507,20.28,154.327378,127.268348
508,20.32,154.372902,127.180032
509,20.36,154.191403,127.382865
510,20.4,153.777175,127.448046
511,20.44,153.51908,127.42485
512,20.48,153.774719,127.451755
513,20.52,153.2463,127.399638
514,20.56,152.758804,127.397737
515,20.6,152.587309,127.407833
516,20.64,152.757894,127.398632
517,20.68,152.498769,127.453487
518,20.72,152.73113,127.54813
519,20.76,153.021882,127.627372
520,20.8,152.729011,127.549116
521,20.84,153.399678,127.681586
522,20.88,154.273565,127.826865
523,20.92,154.593962,127.957439
524,20.96,154.270173,127.827732
525,21,154.819265,128.035217
526,21.04,154.875737,128.196229
527,21.08,154.812173,128.235715
528,21.12,154.875104,128.197622
529,21.16,154.770329,128.32632
530,21.2,154.701497,128.548449
531,21.24,154.745132,128.789841
532,21.28,154.698659,128.547329
533,21.32,154.858793,129.021081
534,21.36,155.288963,129.712015
535,21.4,155.592915,129.975939
536,21.44,155.283519,129.708998
537,21.48,155.891285,130.257431
538,21.52,156.475142,130.645234
539,21.56,156.733906,130.736692
540,21.6,156.473951,130.646152
541,21.64,156.939385,130.807781
542,21.68,157.184777,130.919533
543,21.72,157.284261,130.997308
544,21.76,157.183483,130.92194
545,21.8,157.322083,131.010324
546,21.84,157.392203,131.046456
547,21.88,157.430096,131.124699
548,21.92,157.391259,131.047117
549,21.96,157.478851,131.14693
550,22,157.635988,131.40272
551,22.04,157.703112,131.543187
552,22.08,157.635311,131.402232
553,22.12,157.744632,131.618137
554,22.16,157.628484,131.64152
555,22.2,157.518618,131.625682
556,22.24,157.628288,131.642384
557,22.28,157.463678,131.594728
558,22.32,157.207919,131.500881
559,22.36,157.074251,131.429118
560,22.4,157.206739,131.503382
561,22.44,156.931151,131.337411
562,22.48,156.595813,131.136517
563,22.52,156.484498,131.053495
564,22.56,156.596683,131.137416
565,22.6,156.413385,131.037272
566,22.64,156.426918,130.966901
567,22.68,156.504743,130.937836
568,22.72,156.425828,130.96766
569,22.76,156.607291,130.970413
570,22.8,156.882399,130.974031
571,22.84,157.009448,131.003874
572,22.88,156.882374,130.975467
573,22.92,157.138854,131.037816
574,22.96,157.388932,131.036531
575,23,157.531277,131.047181
576,23.04,157.388534,131.038875
577,23.08,157.658911,131.030361
578,23.12,157.837899,130.956845
579,23.16,157.884623,130.970355
580,23.2,157.837179,130.958098
581,23.24,157.936296,130.956165
582,23.28,157.946403,131.009608
583,23.32,157.918495,131.107421
584,23.36,157.946071,131.010298
585,23.4,157.891164,131.11041
586,23.44,157.847929,131.260715
587,23.48,157.849723,131.316637
588,23.52,157.847675,131.260914
589,23.56,157.856527,131.32091
590,23.6,157.808361,131.328383
591,23.64,157.773444,131.346357
592,23.68,157.808217,131.327204
593,23.72,157.71742,131.325889
594,23.76,157.618723,131.355349
595,23.8,157.546437,131.383815
596,23.84,157.61805,131.354567
597,23.88,157.482639,131.393951
598,23.92,157.269795,131.417898
599,23.96,157.114613,131.438816
600,24,157.11459,131.439046
601,24.04,157.114568,131.439276
602,24.08,157.058897,131.424635
603,24.12,157.053758,131.489701
604,24.16,157.058172,131.424613
605,24.2,157.099479,131.509318
606,24.24,157.112374,131.468593
607,24.28,157.084746,131.366753
608,24.32,157.111621,131.466561
609,24.36,157.006962,131.161834
610,24.4,156.758595,130.722375
611,24.44,156.597742,130.526832
612,24.48,156.753033,130.715962
613,24.52,156.443422,130.363485
614,24.56,156.225484,130.030377
615,24.6,156.164053,129.912848
616,24.64,156.223021,130.031318
617,24.68,156.090706,129.799263
618,24.72,155.961504,129.714372
619,24.76,155.877231,129.731705
620,24.8,155.959612,129.715241
621,24.84,155.761453,129.782715
622,24.88,155.588379,129.684171
623,24.92,155.550885,129.545453
624,24.96,155.587122,129.684363
625,25,155.509405,129.3281
626,25.04,155.555849,128.977316
627,25.08,155.660361,128.875541
628,25.12,155.554655,128.97863
629,25.16,155.754651,128.808302
630,25.2,155.980145,128.628373
631,25.24,156.094573,128.502278
632,25.28,155.977874,128.629315
633,25.32,156.214115,128.434648
634,25.36,156.437921,128.421936
635,25.4,156.493202,128.452213
636,25.44,156.437249,128.423561
637,25.48,156.517446,128.481041
638,25.52,156.47123,128.526883
639,25.56,156.449315,128.546873
640,25.6,156.470457,128.528195
641,25.64,156.403963,128.581373
642,25.68,156.208126,128.769002
643,25.72,156.016905,128.885204
644,25.76,156.207644,128.768804
645,25.8,155.753498,128.94554
646,25.84,155.23648,129.006896
647,25.88,155.016251,129.079831
648,25.92,155.234843,129.007192
649,25.96,154.795799,129.094618
650,26,154.370832,129.266111
651,26.04,154.222852,129.341828
652,26.08,154.369761,129.266586
653,26.12,154.085645,129.380345
654,26.16,153.99463,129.525303
655,26.2,154.073211,129.625619
656,26.24,153.993171,129.525947
657,26.28,154.260839,129.725793
658,26.32,154.965647,130.026389
659,26.36,155.34461,130.308714
660,26.4,154.954239,130.018143
661,26.44,155.65825,130.468307
662,26.48,156.200377,130.807135
663,26.52,156.412032,130.971867
664,26.56,156.197955,130.806254
665,26.6,156.52291,131.088681
666,26.64,156.684103,131.286197
667,26.68,156.755743,131.355994
668,26.72,156.684846,131.287323
669,26.76,156.823568,131.409773
670,26.8,157.039395,131.619061
671,26.84,157.172478,131.694891
672,26.88,157.038907,131.619825
673,26.92,157.281922,131.792478
674,26.96,157.495543,131.975451
675,27,157.563846,132.055727
676,27.04,157.495164,131.975302
677,27.08,157.622209,132.197114
678,27.12,157.703997,132.446574
679,27.16,157.693695,132.610353
680,27.2,157.703002,132.448121
681,27.24,157.656382,132.751311
682,27.28,157.508475,133.083231
683,27.32,157.417017,133.225369
684,27.36,157.507677,133.081696
685,27.4,157.297762,133.367685
686,27.44,157.179892,133.548489
687,27.48,157.213742,133.665115
688,27.52,157.179129,133.547158
689,27.56,157.366572,133.744294
690,27.6,157.794757,133.977355
691,27.64,157.933048,134.068429
692,27.68,157.793995,133.975942
693,27.72,157.96264,134.091635
694,27.76,157.738906,134.002008
695,27.8,157.547227,133.980912
696,27.84,157.739185,134.000551
697,27.88,157.327504,133.994435
698,27.92,157.04689,133.975472
699,27.96,156.912302,134.036342
700,28,156.912347,134.036369
701,28.04,156.912393,134.036396
702,28.08,156.958297,134.018948
703,28.12,157.009288,134.061345
704,28.16,156.95841,134.017041
705,28.2,157.054195,134.056684
706,28.24,157.048736,133.979755
707,28.28,156.989044,133.913906
708,28.32,157.04871,133.976731
709,28.36,156.940732,133.827905
710,28.4,156.808678,133.661257
711,28.44,156.841856,133.632604
712,28.48,156.80818,133.660621
713,28.52,156.877581,133.553963
714,28.56,156.985109,133.571826
715,28.6,157.034191,133.612042
716,28.64,156.985028,133.57038
717,28.68,157.038201,133.647245
718,28.72,157.112759,133.70484
719,28.76,157.157154,133.71137
720,28.8,157.113216,133.702201
721,28.84,157.236495,133.734536
722,28.88,157.350939,133.810622
723,28.92,157.359367,133.829983
724,28.96,157.350792,133.807783
725,29,157.392728,133.825965
726,29.04,157.585479,133.922021
727,29.08,157.862673,134.169784
728,29.12,157.585666,133.92311
729,29.16,158.00606,134.330081
730,29.2,158.030598,134.432092
731,29.24,157.955018,134.469357
732,29.28,158.030226,134.430099
733,29.32,157.901402,134.44346
734,29.36,157.822331,134.36789
735,29.4,157.803743,134.383389
736,29.44,157.822684,134.365348
737,29.48,157.750432,134.343409
738,29.52,157.755371,134.261615
739,29.56,157.769457,134.211077
740,29.6,157.754775,134.260259
741,29.64,157.81776,134.132968
742,29.68,157.915684,133.995986
743,29.72,157.947923,133.875034
744,29.76,157.915086,133.993571
745,29.8,158.015771,133.803229
746,29.84,158.107689,133.574492
747,29.88,158.129842,133.492236
748,29.92,158.10693,133.572006
749,29.96,158.175175,133.388593
750,30,158.183308,133.315601
751,30.04,158.165534,133.32473
752,30.08,158.182401,133.315724
753,30.12,158.145285,133.354662
754,30.16,158.027797,133.378186
755,30.2,157.971319,133.384857
756,30.24,158.02828,133.37728
757,30.28,157.936143,133.435377
758,30.32,157.82168,133.619205
759,30.36,157.814009,133.656393
760,30.4,157.821127,133.618966
761,30.44,157.829592,133.646395
762,30.48,157.92469,133.884559
763,30.52,157.988838,134.076262
764,30.56,157.924399,133.886215
765,30.6,158.110437,134.099844
766,30.64,158.34728,133.954329
767,30.68,158.362811,133.935671
768,30.72,158.346314,133.953454
769,30.76,158.393775,133.901403
770,30.8,158.375471,133.713532
771,30.84,158.328298,133.691726
772,30.88,158.375474,133.711767
773,30.92,158.326874,133.633434
774,30.96,158.425551,133.627679
775,31,158.481511,133.645138
776,31.04,158.425568,133.626531
777,31.08,158.495069,133.745202
778,31.12,158.34928,133.798798
779,31.16,158.162259,133.788798
780,31.2,158.349226,133.796425
781,31.24,157.894059,133.707845
782,31.28,157.060944,133.281103
783,31.32,156.535077,132.90431
784,31.36,157.049489,133.276367
785,31.4,156.01393,132.547124
786,31.44,154.881885,131.885852
787,31.48,154.278191,131.57838
788,31.52,154.87817,131.882094
789,31.56,153.719138,131.313767
790,31.6,152.66442,130.780609
791,31.64,152.225921,130.5503
792,31.68,152.661751,130.779061
793,31.72,151.769921,130.312384
794,31.76,151.134312,129.942511
795,31.8,150.936636,129.751138
796,31.84,151.133753,129.94209
797,31.88,150.77327,129.573975
798,31.92,150.698392,129.241248
799,31.96,150.876884,128.8737
800,32,150.876868,128.873797
801,32.04,150.876853,128.873895
802,32.08,151.351164,128.456888
803,32.12,151.623712,128.301152
804,32.16,151.351505,128.456913
805,32.2,151.92537,128.257427
806,32.24,152.354083,128.153328
807,32.28,152.487273,128.088017
808,32.32,152.353788,128.15183
809,32.36,152.629621,127.991505
810,32.4,152.744715,127.894274
811,32.44,152.723859,127.905633
812,32.48,152.743694,127.894844
813,32.52,152.677668,127.869398
814,32.56,152.569284,127.735407
815,32.6,152.530054,127.651319
816,32.64,152.568494,127.73465
817,32.68,152.505597,127.585028
818,32.72,152.667711,127.447951
819,32.76,152.834747,127.407707
820,32.8,152.666964,127.449647
821,32.84,153.047178,127.324952
822,32.88,153.457636,127.250436
823,32.92,153.612177,127.211984
824,32.96,153.456492,127.252094
825,33,153.755437,127.145238
826,33.04,153.943188,127.04519
827,33.08,154.0062,127.024519
828,33.12,153.943062,127.044917
829,33.16,154.093119,126.985753
830,33.2,154.249768,126.965151
831,33.24,154.32696,126.941316
832,33.28,154.249311,126.964913
833,33.32,154.388183,126.916636
834,33.36,154.553373,126.862444
835,33.4,154.639435,126.833739
836,33.44,154.553068,126.862007
837,33.48,154.731572,126.803403
838,33.52,154.827398,126.804923
839,33.56,154.821539,126.841977
840,33.6,154.826251,126.80466
841,33.64,154.754778,126.860615
842,33.68,154.491317,127.025802
843,33.72,154.340358,127.128459
844,33.76,154.490784,127.027059
845,33.8,154.146149,127.247118
846,33.84,153.93597,127.529909
847,33.88,153.95941,127.710469
848,33.92,153.935652,127.528801
849,33.96,154.02114,127.916971
850,34,154.035136,128.208668
851,34.04,153.898833,128.303116
852,34.08,154.035167,128.20639
853,34.12,153.659629,128.34584
854,34.16,152.920611,128.359481
855,34.2,152.535941,128.366086
856,34.24,152.918584,128.363174
857,34.28,152.176976,128.392592
858,34.32,151.644378,128.43569
859,34.36,151.505222,128.451992
860,34.4,151.64292,128.434831
861,34.44,151.482553,128.452805
862,34.48,151.712574,128.372466
863,34.52,151.896269,128.3505
864,34.56,151.711608,128.36994
865,34.6,152.116961,128.287857
866,34.64,152.382892,128.10626
867,34.68,152.47122,128.073832
868,34.72,152.38153,128.108127
869,34.76,152.481707,128.012623
870,34.8,152.449317,128.009921
871,34.84,152.379655,128.02549
872,34.88,152.447769,128.011839
873,34.92,152.358684,128.052045
874,34.96,152.299469,128.096158
875,35,152.291274,128.142975
876,35.04,152.298185,128.098382
877,35.08,152.357727,128.107524
878,35.12,152.473415,128.204378
879,35.16,152.468094,128.253131
880,35.2,152.472233,128.206624
881,35.24,152.444071,128.294925
882,35.28,152.188769,128.300584
883,35.32,152.007871,128.276469
884,35.36,152.188584,128.300429
885,35.4,151.854022,128.247122
886,35.44,151.607889,128.252506
887,35.48,151.515876,128.321689
888,35.52,151.606495,128.252261
889,35.56,151.501826,128.334009
890,35.6,151.53637,128.301316
891,35.64,151.581959,128.289632
892,35.68,151.53521,128.30103
893,35.72,151.645622,128.217052
894,35.76,151.864032,128.103187
895,35.8,152.054151,128.063124
896,35.84,151.863893,128.10153
897,35.88,152.273324,127.976369
898,35.92,152.683125,127.86182
899,35.96,153.147038,127.817348
900,36,153.14708,127.817427
901,36.04,153.147122,127.817507
902,36.08,153.673824,127.782038
903,36.12,153.943263,127.799984
904,36.16,153.672463,127.781891
905,36.2,154.234834,127.87718
906,36.24,154.835777,128.119793
907,36.28,155.205995,128.349805
908,36.32,154.819189,128.113958
909,36.36,155.495356,128.574524
910,36.4,156.224751,129.15217
911,36.44,156.712082,129.550731
912,36.48,156.203703,129.120044
913,36.52,157.022756,129.878994
914,36.56,157.781244,130.518091
915,36.6,158.069161,130.771508
916,36.64,157.778823,130.515761
917,36.68,158.28386,131.00178
918,36.72,158.602224,131.341769
919,36.76,158.724645,131.477905
920,36.8,158.602104,131.342406
921,36.84,158.863075,131.572198
922,36.88,159.127091,131.797994
923,36.92,159.239239,131.887904
924,36.96,159.126777,131.797281
925,37,159.279902,131.903859
926,37.04,159.233843,131.779362
927,37.08,159.137181,131.599612
928,37.12,159.23268,131.775664
929,37.16,159.012181,131.43479
930,37.2,158.721056,131.098732
931,37.24,158.581777,131.01179
932,37.28,158.719664,131.095125
933,37.32,158.42072,130.892174
934,37.36,158.176697,130.841682
935,37.4,158.052425,130.824643
936,37.44,158.175745,130.842316
937,37.48,157.95042,130.79141
938,37.52,157.688568,130.810114
939,37.56,157.537479,130.863827
940,37.6,157.688208,130.808425
941,37.64,157.383961,130.957347
942,37.68,156.982828,131.27068
943,37.72,156.78661,131.432737
944,37.76,156.981571,131.272443
945,37.8,156.547822,131.61518
946,37.84,156.157054,131.915309
947,37.88,155.996811,132.088525
948,37.92,156.157698,131.914286
949,37.96,155.78778,132.238313
950,38,155.334021,132.452879
951,38.04,155.065526,132.570309
952,38.08,155.331614,132.450579
953,38.12,154.744489,132.636021
954,38.16,153.995925,132.814422
955,38.2,153.590063,132.873975
956,38.24,153.990573,132.816812
957,38.28,153.206531,132.988969
958,38.32,152.471375,133.27274
959,38.36,152.151117,133.360917
960,38.4,152.467746,133.275867
961,38.44,151.855749,133.47107
962,38.48,151.481187,133.682821
963,38.52,151.349155,133.783641
964,38.56,151.478655,133.682811
965,38.6,151.217715,133.898622
966,38.64,151.111838,133.979845
967,38.68,151.09922,133.945259
968,38.72,151.111348,133.979537
969,38.76,151.107079,133.873486
970,38.8,151.090637,133.713699
971,38.84,151.076404,133.648355
972,38.88,151.090349,133.711801
973,38.92,151.087797,133.46912
974,38.96,151.170112,133.141617
975,39,151.257986,132.948444
976,39.04,151.168692,133.140989
977,39.08,151.42717,132.754617
978,39.12,151.892453,132.221394
979,39.16,152.166803,131.9194
980,39.2,151.893178,132.225879
981,39.24,152.390408,131.68318
982,39.28,152.852418,131.119676
983,39.32,153.111183,130.819185
984,39.36,152.851543,131.118893
985,39.4,153.312527,130.533055
986,39.44,153.737971,129.988267
987,39.48,153.916043,129.746955
988,39.52,153.735778,129.98806
989,39.56,154.077259,129.513931
990,39.6,154.346106,129.187779
991,39.64,154.439826,129.067516
992,39.68,154.344434,129.188334
993,39.72,154.509385,128.990678
994,39.76,154.570346,128.8837
995,39.8,154.591239,128.862637
996,39.84,154.568056,128.882359
997,39.88,154.594283,128.827271
998,39.92,154.549611,128.886103
999,39.96,154.560619,128.912596
1000,40,154.560618,128.91266
1001,40.04,154.560616,128.912723
1002,40.08,154.592564,129.051071
1003,40.12,154.569538,129.143474
1004,40.16,154.590475,129.050788
1005,40.2,154.534829,129.167863
1006,40.24,154.12325,129.238002
1007,40.28,153.828923,129.240231
1008,40.32,154.120342,129.238326
1009,40.36,153.466314,129.283466
1010,40.4,152.668493,129.440308
1011,40.44,152.383776,129.523033
1012,40.48,152.667469,129.439371
1013,40.52,152.199414,129.561034
1014,40.56,152.187169,129.662917
1015,40.6,152.321655,129.770789
1016,40.64,152.186128,129.66431
1017,40.68,152.527339,129.842684
1018,40.72,152.870851,129.827263
1019,40.76,152.991746,129.795685
1020,40.8,152.869444,129.829039
1021,40.84,153.014412,129.725964
1022,40.88,153.029323,129.627685
1023,40.92,153.011771,129.647669
1024,40.96,153.028529,129.626695
1025,41,153.054977,129.629009
1026,41.04,153.140739,129.637826
1027,41.08,153.176068,129.623917
1028,41.12,153.139782,129.636989
1029,41.16,153.277958,129.589098
1030,41.2,153.430893,129.53637
1031,41.24,153.459768,129.563057
1032,41.28,153.429659,129.53838
1033,41.32,153.463303,129.540019
1034,41.36,153.431796,129.57147
1035,41.4,153.400622,129.61179
1036,41.44,153.430251,129.572423
1037,41.48,153.382969,129.647577
1038,41.52,153.128318,129.826593
1039,41.56,152.78822,130.046835
1040,41.6,153.118874,129.831329
1041,41.64,152.390222,130.295668
1042,41.68,151.447301,130.947571
1043,41.72,150.838254,131.390704
1044,41.76,151.435348,130.957491
1045,41.8,150.298471,131.745175
1046,41.84,149.208116,132.46263
1047,41.88,148.836683,132.686599
1048,41.92,149.207132,132.46234
1049,41.96,148.546937,132.892326
1050,42,148.22651,133.083811
1051,42.04,148.157401,133.156481
1052,42.08,148.226652,133.083446
1053,42.12,148.145892,133.205976
1054,42.16,148.232882,133.257959
1055,42.2,148.392276,133.258998
1056,42.24,148.230334,133.256737
1057,42.28,148.578481,133.235189
1058,42.32,149.043329,133.211022
1059,42.36,149.443722,133.250724
1060,42.4,149.031315,133.203398
1061,42.44,149.762144,133.276439
1062,42.48,150.765023,133.283653
1063,42.52,151.28553,133.295732
1064,42.56,150.75749,133.285194
1065,42.6,151.72721,133.223503
1066,42.64,152.683013,133.109957
1067,42.68,153.158425,133.011005
1068,42.72,152.679225,133.108608
1069,42.76,153.573021,132.976594
1070,42.8,154.477922,132.879105
1071,42.84,154.888214,132.822818
1072,42.88,154.471542,132.881211
1073,42.92,155.282343,132.805206
1074,42.96,155.988819,132.835825
1075,43,156.272992,132.898826
1076,43.04,155.987196,132.836034
1077,43.08,156.547335,132.91474
1078,43.12,156.978454,133.037299
1079,43.16,157.142876,133.049143
1080,43.2,156.978906,133.036621
1081,43.24,157.264168,133.127414
1082,43.28,157.503027,133.224141
1083,43.32,157.597992,133.248558
1084,43.36,157.503365,133.221931
1085,43.4,157.670681,133.330147
1086,43.44,157.657191,133.516216
1087,43.48,157.582522,133.604309
1088,43.52,157.656725,133.51407
1089,43.56,157.445456,133.652661
1090,43.6,157.075054,133.801919
1091,43.64,156.841102,133.869371
1092,43.68,157.072918,133.802548
1093,43.72,156.556786,134.002356
1094,43.76,156.140544,134.151766
1095,43.8,155.971894,134.140585
1096,43.84,156.140142,134.149881
1097,43.88,155.818914,134.13366
1098,43.92,155.569559,134.092784
1099,43.96,155.42734,134.000724
1100,44,155.427359,134.000792
1101,44.04,155.427378,134.000861
1102,44.08,155.427796,133.83741
1103,44.12,155.467643,133.698159
1104,44.16,155.428853,133.834279
1105,44.2,155.537923,133.623273
1106,44.24,155.736777,133.511741
1107,44.28,155.793954,133.500289
1108,44.32,155.736342,133.512266
1109,44.36,155.830004,133.502768
1110,44.4,155.797852,133.390795
1111,44.44,155.79059,133.367625
1112,44.48,155.79794,133.388939
1113,44.52,155.768347,133.297174
1114,44.56,155.706735,133.358675
1115,44.6,155.673086,133.334822
1116,44.64,155.707571,133.357298
1117,44.68,155.632871,133.316547
1118,44.72,155.610184,133.191088
1119,44.76,155.590216,133.125977
1120,44.8,155.609778,133.190366
1121,44.84,155.65079,133.026601
1122,44.88,155.956272,132.974697
1123,44.92,156.148836,132.902186
1124,44.96,155.953946,132.973792
1125,45,156.257727,132.87551
1126,45.04,156.473489,132.756637
1127,45.08,156.535815,132.703123
1128,45.12,156.472433,132.756635
1129,45.16,156.591825,132.606165
1130,45.2,156.692449,132.523144
1131,45.24,156.753378,132.476376
1132,45.28,156.692094,132.521656
1133,45.32,156.87603,132.46759
1134,45.36,157.078992,132.47209
1135,45.4,157.114954,132.478491
1136,45.44,157.078335,132.471615
1137,45.48,157.140086,132.483505
1138,45.52,157.077322,132.49006
1139,45.56,156.997963,132.585258
1140,45.6,157.076475,132.490652
1141,45.64,156.876341,132.69194
1142,45.68,156.454086,133.079396
1143,45.72,156.201014,133.300008
1144,45.76,156.448988,133.082145
1145,45.8,155.888205,133.534329
1146,45.84,155.317912,133.88891
1147,45.88,155.080734,134.022792
1148,45.92,155.31342,133.889688
1149,45.96,154.841768,134.149281
1150,46,154.40108,134.40518
1151,46.04,154.149628,134.498319
1152,46.08,154.397094,134.405899
1153,46.12,153.823308,134.552113
1154,46.16,153.110324,134.563987
1155,46.2,152.774284,134.568595
1156,46.24,153.110889,134.563055
1157,46.28,152.396178,134.549305
1158,46.32,151.885044,134.567943
1159,46.36,151.751962,134.557892
1160,46.4,151.884052,134.567107
1161,46.44,151.720198,134.53481
1162,46.48,151.8737,134.451694
1163,46.52,152.085921,134.361869
1164,46.56,151.873772,134.450716
1165,46.6,152.364943,134.199515
1166,46.64,152.937632,133.874557
1167,46.68,153.216342,133.669812
1168,46.72,152.93443,133.877228
1169,46.76,153.504534,133.549007
1170,46.8,154.072918,133.08896
1171,46.84,154.341217,132.89001
1172,46.88,154.071319,133.091425
1173,46.92,154.640791,132.713581
1174,46.96,155.100346,132.459991
1175,47,155.285976,132.422527
1176,47.04,155.099365,132.458273
1177,47.08,155.503536,132.342349
1178,47.12,155.798793,132.277986
1179,47.16,155.864383,132.280151
1180,47.2,155.800118,132.278499
1181,47.24,155.928093,132.275956
1182,47.28,155.897807,132.355317
1183,47.32,155.866515,132.382954
1184,47.36,155.896268,132.35413
1185,47.4,155.792786,132.39676
1186,47.44,155.723474,132.410642
1187,47.48,155.650078,132.461193
1188,47.52,155.723703,132.409486
1189,47.56,155.601685,132.47441
1190,47.6,155.516097,132.504111
1191,47.64,155.486223,132.497816
1192,47.68,155.516605,132.501882
1193,47.72,155.43643,132.485231
1194,47.76,155.37846,132.490533
1195,47.8,155.368258,132.488451
1196,47.84,155.379096,132.490831
1197,47.88,155.459028,132.461044
1198,47.92,155.569088,132.476767
1199,47.96,155.674953,132.449044
1200,48,155.674929,132.44927
1201,48.04,155.674904,132.449496
1202,48.08,155.852966,132.360609
1203,48.12,155.938117,132.349456
1204,48.16,155.851803,132.361219
1205,48.2,156.067442,132.318825
1206,48.24,156.31954,132.301949
1207,48.28,156.441499,132.298871
1208,48.32,156.319313,132.302163
1209,48.36,156.540361,132.314214
1210,48.4,156.65729,132.317316
1211,48.44,156.700145,132.334258
1212,48.48,156.656666,132.316336
1213,48.52,156.725806,132.286087
1214,48.56,156.730558,132.132619
1215,48.6,156.693718,132.027321
1216,48.64,156.730061,132.134021
1217,48.68,156.620201,131.872974
1218,48.72,156.464934,131.622067
1219,48.76,156.355718,131.516386
1220,48.8,156.463494,131.623424
1221,48.84,156.26169,131.514201
1222,48.88,156.132349,131.687427
1223,48.92,156.067183,131.853262
1224,48.96,156.131919,131.686825
1225,49,156.037714,131.948328
1226,49.04,156.044382,132.12663
1227,49.08,156.09734,132.197422
1228,49.12,156.043606,132.128131
1229,49.16,156.170757,132.290546
1230,49.2,156.244688,132.463161
1231,49.24,156.254998,132.493127
1232,49.28,156.244363,132.463165
1233,49.32,156.210729,132.516326
1234,49.36,155.867417,132.507332
1235,49.4,155.432137,132.549881
1236,49.44,155.861756,132.509927
1237,49.48,154.831929,132.588438
1238,49.52,153.356878,132.905844
1239,49.56,152.252626,133.266828
1240,49.6,153.338273,132.905793
1241,49.64,151.630615,133.624182
1242,49.68,149.894,134.419385
1243,49.72,148.988964,134.94663
1244,49.76,149.890529,134.424307
1245,49.8,148.210946,135.330862
1246,49.84,146.836845,135.907474
1247,49.88,146.294254,136.071039
1248,49.92,146.836693,135.908742
1249,49.96,145.857674,136.200482
1250,50,145.221835,136.231939
1251,50.04,145.064232,136.185592
1252,50.08,145.221052,136.231306
1253,50.12,144.932593,136.049707
1254,50.16,144.967518,135.6527
1255,50.2,145.137437,135.405685
1256,50.24,144.966909,135.654444
1257,50.28,145.32173,135.093524
1258,50.32,145.908138,134.464751
1259,50.36,146.262394,134.138002
1260,50.4,145.905172,134.464606
1261,50.44,146.669982,133.724123
1262,50.48,147.607765,132.902121
1263,50.52,148.103346,132.469328
1264,50.56,147.605818,132.904733
1265,50.6,148.606453,132.055205
1266,50.64,149.647784,131.221972
1267,50.68,150.180112,130.808832
1268,50.72,149.648043,131.221288
1269,50.76,150.681777,130.337034
1270,50.8,151.645178,129.628206
1271,50.84,152.093251,129.238479
1272,50.88,151.644986,129.626181
1273,50.92,152.607924,128.852281
1274,50.96,153.596315,128.040437
1275,51,154.149117,127.715939
1276,51.04,153.600193,128.037437
1277,51.08,154.700963,127.387236
1278,51.12,155.695064,126.796217
1279,51.16,156.119868,126.654201
1280,51.2,155.697964,126.796967
1281,51.24,156.526559,126.420163
1282,51.28,157.183826,126.126248
1283,51.32,157.489821,125.99022
1284,51.36,157.185402,126.126843
1285,51.4,157.799407,125.846229
1286,51.44,158.320058,125.596
1287,51.48,158.566508,125.548515
1288,51.52,158.322135,125.598289
1289,51.56,158.796213,125.451154
1290,51.6,159.12417,125.306445
1291,51.64,159.261852,125.221166
1292,51.68,159.12448,125.306993
1293,51.72,159.380208,125.179104
1294,51.76,159.516253,125.182167
1295,51.8,159.519247,125.181747
1296,51.84,159.515677,125.181517
1297,51.88,159.428685,125.179955
1298,51.92,159.383842,125.130667
1299,51.96,159.534538,125.216555
1300,52,159.534489,125.216708
1301,52.04,159.53444,125.216861
1302,52.08,159.67717,125.433734
1303,52.12,159.677786,125.479676
1304,52.16,159.676229,125.433036
1305,52.2,159.577,125.502798
1306,52.24,159.105716,125.521688
1307,52.28,158.796125,125.542094
1308,52.32,159.106887,125.521585
1309,52.36,158.535369,125.550659
1310,52.4,158.1293,125.557278
1311,52.44,158.051351,125.589338
1312,52.48,158.128398,125.559418
1313,52.52,158.093434,125.631439
1314,52.56,158.414018,125.811016
1315,52.6,158.5567,125.900616
1316,52.64,158.413241,125.811778
1317,52.68,158.610324,125.877097
1318,52.72,158.627577,125.864111
1319,52.76,158.603846,125.829217
1320,52.8,158.625801,125.864282
1321,52.84,158.592374,125.86044
1322,52.88,158.571959,125.870152
1323,52.92,158.581977,125.897923
1324,52.96,158.57183,125.870487
1325,53,158.623258,125.912959
1326,53.04,158.606663,125.987455
1327,53.08,158.546028,125.994251
1328,53.12,158.605323,125.988834
1329,53.16,158.411502,126.04115
1330,53.2,158.111806,126.076351
1331,53.24,157.99653,126.023892
1332,53.28,158.110582,126.077217
1333,53.32,157.833209,126.066204
1334,53.36,157.687026,126.030735
1335,53.4,157.674941,126.023677
1336,53.44,157.686969,126.031572
1337,53.48,157.659395,126.030087
1338,53.52,157.567555,126.028111
1339,53.56,157.492178,126.04257
1340,53.6,157.56583,126.027984
1341,53.64,157.418288,126.05173
1342,53.68,157.315901,126.084058
1343,53.72,157.314488,126.099805
1344,53.76,157.314866,126.084513
1345,53.8,157.358135,126.104157
1346,53.84,157.340324,126.080969
1347,53.88,157.348312,126.006577
1348,53.92,157.339207,126.079623
1349,53.96,157.374175,125.989081
1350,54,157.388786,125.985759
1351,54.04,157.427336,125.985582
1352,54.08,157.388767,125.98552
1353,54.12,157.447975,126.015744
1354,54.16,157.529692,126.0203
1355,54.2,157.5509,126.042958
1356,54.24,157.529622,126.021736
1357,54.28,157.582255,125.971741
1358,54.32,157.636482,125.956279
1359,54.36,157.705689,125.960802
1360,54.4,157.635545,125.955968
1361,54.44,157.721991,125.920555
1362,54.48,157.776586,125.906445
1363,54.52,157.803892,125.888621
1364,54.56,157.776349,125.908302
1365,54.6,157.853533,125.879048
1366,54.64,157.915727,125.882079
1367,54.68,157.948365,125.852121
1368,54.72,157.915511,125.883076
1369,54.76,158.031242,125.846795
1370,54.8,158.183527,125.853713
1371,54.84,158.250646,125.844474
1372,54.88,158.18263,125.853812
1373,54.92,158.281669,125.820444
1374,54.96,158.314762,125.839235
1375,55,158.299383,125.882219
1376,55.04,158.314404,125.839653
1377,55.08,158.329359,125.881679
1378,55.12,158.31071,125.935173
1379,55.16,158.29674,125.939033
1380,55.2,158.310834,125.935181
1381,55.24,158.232271,125.982372
1382,55.28,157.925712,126.199244
1383,55.32,157.604352,126.458801
1384,55.36,157.934783,126.199031
1385,55.4,157.255816,126.738496
1386,55.44,156.81987,127.301577
1387,55.48,156.653867,127.35806
1388,55.52,156.819671,127.298986
1389,55.56,156.524604,127.30209
1390,55.6,156.397931,127.226725
1391,55.64,156.363806,127.211837
1392,55.68,156.39602,127.226735
1393,55.72,156.407941,127.187164
1394,55.76,156.547332,127.102365
1395,55.8,156.662965,127.090093
1396,55.84,156.546858,127.103328
1397,55.88,156.789607,126.928524
1398,55.92,157.016906,126.748633
1399,55.96,157.253278,126.554379
1400,56,157.253264,126.554437
1401,56.04,157.253249,126.554495
1402,56.08,157.442535,126.433807
1403,56.12,157.492099,126.374821
1404,56.16,157.441585,126.433013
1405,56.2,157.56444,126.269831
1406,56.24,157.596787,126.112519
1407,56.28,157.623692,126.081319
1408,56.32,157.59453,126.114183
1409,56.36,157.620915,125.973582
1410,56.4,157.613004,125.894169
1411,56.44,157.636393,125.841553
1412,56.48,157.612434,125.893783
1413,56.52,157.688183,125.757447
1414,56.56,157.947599,125.676955
1415,56.6,158.124253,125.660283
1416,56.64,157.944844,125.677423
1417,56.68,158.316549,125.709616
1418,56.72,158.656865,125.790214
1419,56.76,158.893424,125.899668
1420,56.8,158.653862,125.783805
1421,56.84,159.10497,126.055975
1422,56.88,159.525327,126.53205
1423,56.92,159.84855,126.867969
1424,56.96,159.510844,126.518909
1425,57,160.077534,127.071658
1426,57.04,160.600276,127.590178
1427,57.08,160.822895,127.878878
1428,57.12,160.597056,127.588469
1429,57.16,161.012866,128.171681
1430,57.2,161.281428,128.54466
1431,57.24,161.357976,128.704403
1432,57.28,161.281671,128.54598
1433,57.32,161.410675,128.891637
1434,57.36,161.501446,129.154804
1435,57.4,161.530715,129.295019
1436,57.44,161.501261,129.157047
1437,57.48,161.606452,129.406661
1438,57.52,161.764851,129.560023
1439,57.56,161.882851,129.661053
1440,57.6,161.764062,129.562119
1441,57.64,162.010388,129.805737
1442,57.68,162.291405,130.091737
1443,57.72,162.325534,130.205697
1444,57.76,162.289069,130.092391
1445,57.8,162.28058,130.258399
1446,57.84,161.884567,130.283836
1447,57.88,161.613555,130.285262
1448,57.92,161.885363,130.284424
1449,57.96,161.333752,130.330599
1450,58,160.927359,130.39702
1451,58.04,160.846792,130.374234
1452,58.08,160.926506,130.397377
1453,58.12,160.832318,130.365382
1454,58.16,160.860029,130.445978
1455,58.2,160.897156,130.521233
1456,58.24,160.859322,130.446655
1457,58.28,160.895601,130.559373
1458,58.32,160.847898,130.444647
1459,58.36,160.829168,130.412222
1460,58.4,160.847359,130.443493
1461,58.44,160.796983,130.36241
1462,58.48,160.794348,130.439154
1463,58.52,160.82004,130.552246
1464,58.56,160.792805,130.439853
1465,58.6,160.841114,130.611853
1466,58.64,160.871769,130.632782
1467,58.68,160.902158,130.61116
1468,58.72,160.87108,130.633432
1469,58.76,160.885766,130.580963
1470,58.8,160.8472,130.751005
1471,58.84,160.868904,130.817944
1472,58.88,160.846941,130.750625
1473,58.92,160.844276,130.753557
1474,58.96,160.706402,130.653041
1475,59,160.641679,130.659656
1476,59.04,160.706367,130.654597
1477,59.08,160.592951,130.682276
1478,59.12,160.583587,130.777209
1479,59.16,160.596272,130.843327
1480,59.2,160.582956,130.778087
1481,59.24,160.629716,130.854898
1482,59.28,160.634229,130.804641
1483,59.32,160.67428,130.773784
1484,59.36,160.634272,130.804893
1485,59.4,160.682829,130.744362
1486,59.44,160.675655,130.724951
1487,59.48,160.655234,130.705139
1488,59.52,160.674086,130.724492
1489,59.56,160.648951,130.674774
1490,59.6,160.601379,130.631776
1491,59.64,160.564294,130.68066
1492,59.68,160.600603,130.632177
1493,59.72,160.562733,130.691376
1494,59.76,160.560425,130.703777
1495,59.8,160.558288,130.698096
1496,59.84,160.559844,130.702983
1497,59.88,160.529589,130.656504
1498,59.92,160.479226,130.625755
1499,59.96,160.406363,130.67025
1500,60,160.406293,130.670395
1501,60.04,160.406223,130.67054
1502,60.08,160.23554,130.670379
1503,60.12,160.082231,130.646357
1504,60.16,160.23369,130.670552
1505,60.2,159.885342,130.600271
1506,60.24,159.517315,130.57539
1507,60.28,159.377755,130.532513
1508,60.32,159.516299,130.575256
1509,60.36,159.239623,130.5392
1510,60.4,159.075675,130.496957
1511,60.44,159.009647,130.493312
1512,60.48,159.075095,130.498083
1513,60.52,159.028106,130.483979
1514,60.56,159.001873,130.493225
1515,60.6,158.985991,130.514964
1516,60.64,159.00153,130.492821
1517,60.68,158.953976,130.487293
1518,60.72,158.849137,130.567294
1519,60.76,158.821163,130.627249
1520,60.8,158.847962,130.566717
1521,60.84,158.730235,130.779045
1522,60.88,158.581202,131.198794
1523,60.92,158.504962,131.369521
1524,60.96,158.579907,131.198767
1525,61,158.404185,131.492177
1526,61.04,158.300325,131.641478
1527,61.08,158.275648,131.671616
1528,61.12,158.300018,131.642147
1529,61.16,158.237383,131.688296
1530,61.2,158.228415,131.690231
1531,61.24,158.23693,131.647373
1532,61.28,158.227862,131.690698
1533,61.32,158.240442,131.591907
1534,61.36,158.37123,131.464475
1535,61.4,158.450357,131.388978
1536,61.44,158.371315,131.466282
1537,61.48,158.554423,131.27624
1538,61.52,158.736079,131.039137
1539,61.56,158.815538,130.929711
1540,61.6,158.734455,131.041285
1541,61.64,158.893913,130.820821
1542,61.68,159.037823,130.573196
1543,61.72,159.105715,130.449687
1544,61.76,159.037142,130.574749
1545,61.8,159.154773,130.322692
1546,61.84,159.258642,130.030028
1547,61.88,159.316586,129.896581
1548,61.92,159.257383,130.031517
1549,61.96,159.354822,129.741158
1550,62,159.473804,129.378374
1551,62.04,159.52237,129.206323
1552,62.08,159.473175,129.379165
1553,62.12,159.575084,129.015482
1554,62.16,159.719877,128.55367
1555,62.2,159.805688,128.376882
1556,62.24,159.719069,128.552644
1557,62.28,159.83963,128.178903
1558,62.32,159.90352,127.865095
1559,62.36,159.960616,127.631273
1560,62.4,159.903797,127.863159
1561,62.44,159.97324,127.446425
1562,62.48,160.011029,127.073654
1563,62.52,160.002183,126.935051
1564,62.56,160.009884,127.073516
1565,62.6,159.973554,126.752752
1566,62.64,159.880335,126.370927
1567,62.68,159.840997,126.241702
1568,62.72,159.878409,126.370073
1569,62.76,159.811805,126.12676
1570,62.8,159.758349,126.112173
1571,62.84,159.795719,126.143569
1572,62.88,159.759768,126.108688
1573,62.92,159.827684,126.276864
1574,62.96,159.95246,126.765834
1575,63,159.970733,127.070699
1576,63.04,159.951378,126.765274
1577,63.08,159.968141,127.337507
1578,63.12,159.961609,127.854128
1579,63.16,159.946778,128.125716
1580,63.2,159.962992,127.850314
1581,63.24,159.944707,128.376603
1582,63.28,159.795766,128.908249
1583,63.32,159.63873,129.076874
1584,63.36,159.795681,128.909317
1585,63.4,159.380583,129.229485
1586,63.44,158.74143,129.460863
1587,63.48,158.482916,129.533378
1588,63.52,158.74128,129.460998
1589,63.56,158.235069,129.572333
1590,63.6,157.925998,129.502281
1591,63.64,157.882923,129.449559
1592,63.68,157.925582,129.501639
1593,63.72,157.873733,129.315441
1594,63.76,157.954826,129.009709
1595,63.8,158.039641,128.821193
1596,63.84,157.953778,129.009082
1597,63.88,158.112397,128.609299
1598,63.92,158.236378,128.188611
1599,63.96,158.387209,127.8511
1600,64,158.387206,127.851324
1601,64.04,158.387203,127.851548
1602,64.08,158.532426,127.520762
1603,64.12,158.616299,127.396986
1604,64.16,158.530808,127.519187
1605,64.2,158.684696,127.255132
1606,64.24,158.811398,127.029354
1607,64.28,158.85701,126.917006
1608,64.32,158.810959,127.029985
1609,64.36,158.855116,126.846725
1610,64.4,158.883392,126.791858
1611,64.44,158.888707,126.782517
1612,64.48,158.88226,126.79273
1613,64.52,158.876691,126.806464
1614,64.56,158.82369,126.86221
1615,64.6,158.769079,126.906282
1616,64.64,158.823248,126.861771
1617,64.68,158.703388,126.955091
1618,64.72,158.625716,127.025843
1619,64.76,158.599884,127.072665
1620,64.8,158.625184,127.025166
1621,64.84,158.594373,127.051513
1622,64.88,158.623383,127.106722
1623,64.92,158.621435,127.149116
1624,64.96,158.621796,127.106862
1625,65,158.725431,127.131592
1626,65.04,158.944161,127.145296
1627,65.08,159.014951,127.166403
1628,65.12,158.943262,127.147221
1629,65.16,159.048321,127.156821
1630,65.2,159.051148,127.089847
1631,65.24,159.042308,127.035132
1632,65.28,159.050285,127.090508
1633,65.32,159.007839,126.991391
1634,65.36,159.01973,126.950478
1635,65.4,159.036359,126.969962
1636,65.44,159.018502,126.951446
1637,65.48,159.047673,126.949256
1638,65.52,159.032766,127.009055
1639,65.56,159.022302,127.019579
1640,65.6,159.031978,127.009541
1641,65.64,159.013038,127.03967
1642,65.68,159.005692,127.034166
1643,65.72,158.997731,127.078764
1644,65.76,159.004459,127.035071
1645,65.8,159.038605,127.045416
1646,65.84,159.075868,127.091166
1647,65.88,159.129454,127.102061
1648,65.92,159.074928,127.091282
1649,65.96,159.155158,127.124177
1650,66,159.18779,127.153954
1651,66.04,159.194434,127.167927
1652,66.08,159.186328,127.156321
1653,66.12,159.205995,127.152953
1654,66.16,159.24747,127.148241
1655,66.2,159.273643,127.131935
1656,66.24,159.246233,127.148003
1657,66.28,159.310143,127.148937
1658,66.32,159.328108,127.202954
1659,66.36,159.31426,127.218801
1660,66.4,159.327095,127.203253
1661,66.44,159.314129,127.203546
1662,66.48,159.300611,127.239255
1663,66.52,159.268292,127.3047
1664,66.56,159.299115,127.238619
1665,66.6,159.236702,127.334184
1666,66.64,159.041904,127.541571
1667,66.68,158.852978,127.708173
1668,66.72,159.041483,127.542001
1669,66.76,158.711614,127.811015
1670,66.8,158.449108,127.988711
1671,66.84,158.317205,128.042731
1672,66.88,158.448079,127.988323
1673,66.92,158.240148,127.972033
1674,66.96,158.110471,127.96985
1675,67,158.091923,127.968074
1676,67.04,158.109713,127.969734
1677,67.08,158.072045,127.916203
1678,67.12,158.169722,127.879161
1679,67.16,158.245416,127.822616
1680,67.2,158.167769,127.88047
1681,67.24,158.304461,127.739158
1682,67.28,158.345494,127.695356
1683,67.32,158.344307,127.731124
1684,67.36,158.343829,127.697164
1685,67.4,158.351109,127.741621
1686,67.44,158.283253,127.92285
1687,67.48,158.221945,128.008763
1688,67.52,158.282451,127.923248
1689,67.56,158.197079,128.026181
1690,67.6,158.088839,128.015673
1691,67.64,158.047864,127.975016
1692,67.68,158.088148,128.015651
1693,67.72,158.058168,127.905904
1694,67.76,158.096687,127.824452
1695,67.8,158.153918,127.758243
1696,67.84,158.095587,127.826022
1697,67.88,158.183781,127.703159
1698,67.92,158.354872,127.608504
1699,67.96,158.472982,127.533903
1700,68,158.472986,127.533973
1701,68.04,158.472991,127.534043
1702,68.08,158.511533,127.55072
1703,68.12,158.507693,127.572346
1704,68.16,158.510443,127.550989
1705,68.2,158.501322,127.634516
1706,68.24,158.406706,127.78761
1707,68.28,158.362319,127.844324
1708,68.32,158.40576,127.787526
1709,68.36,158.324632,127.880955
1710,68.4,158.284603,127.905287
1711,68.44,158.297248,127.810251
1712,68.48,158.282855,127.906446
1713,68.52,158.299752,127.726469
1714,68.56,158.348542,127.601312
1715,68.6,158.370917,127.5452
1716,68.64,158.34705,127.602841
1717,68.68,158.353839,127.56814
1718,68.72,158.33652,127.523477
1719,68.76,158.314546,127.516317
1720,68.8,158.336312,127.523256
1721,68.84,158.263689,127.547726
1722,68.88,158.168543,127.537974
1723,68.92,158.185598,127.551071
1724,68.96,158.168035,127.538998
1725,69,158.255208,127.57554
1726,69.04,158.51744,127.697608
1727,69.08,158.639968,127.814462
1728,69.12,158.516294,127.698057
1729,69.16,158.744692,127.922349
1730,69.2,158.673508,128.094332
1731,69.24,158.533786,128.11885
1732,69.28,158.672056,128.093065
1733,69.32,158.252796,128.098497
1734,69.36,157.632386,128.167846
1735,69.4,157.411574,128.150361
1736,69.44,157.63128,128.1675
1737,69.48,157.365419,128.159667
1738,69.52,157.497497,128.170259
1739,69.56,157.604772,128.227569
1740,69.6,157.49648,128.170058
1741,69.64,157.705057,128.215767
1742,69.68,157.861759,128.14776
1743,69.72,157.878018,128.088057
1744,69.76,157.86063,128.14838
1745,69.8,157.863061,128.008123
1746,69.84,157.777626,127.894916
1747,69.88,157.79012,127.912079
1748,69.92,157.77722,127.894585
1749,69.96,157.770395,128.047737
1750,70,157.751652,128.419975
1751,70.04,157.763636,128.565033
1752,70.08,157.751276,128.419636
1753,70.12,157.759981,128.609653
1754,70.16,157.708869,128.434926
1755,70.2,157.659526,128.348421
1756,70.24,157.708148,128.435176
1757,70.28,157.633549,128.237742
1758,70.32,157.54651,128.110958
1759,70.36,157.553395,128.032512
1760,70.4,157.545855,128.109896
1761,70.44,157.549652,127.941256
1762,70.48,157.493449,127.787657
1763,70.52,157.440291,127.738793
1764,70.56,157.49137,127.789313
1765,70.6,157.376438,127.708581
1766,70.64,157.284156,127.708967
1767,70.68,157.275484,127.680478
1768,70.72,157.282567,127.710226
1769,70.76,157.283245,127.574673
1770,70.8,157.334488,127.371316
1771,70.84,157.372588,127.337762
1772,70.88,157.334063,127.372929
1773,70.92,157.418088,127.31685
1774,70.96,157.407581,127.319142
1775,71,157.4122,127.315381
1776,71.04,157.407842,127.319079
1777,71.08,157.413072,127.351118
1778,71.12,157.41093,127.525548
1779,71.16,157.350974,127.691902
1780,71.2,157.410321,127.527687
1781,71.24,157.311599,127.990467
1782,71.28,157.293125,128.600471
1783,71.32,157.284756,128.729624
1784,71.36,157.291652,128.601101
1785,71.4,157.257779,128.799933
1786,71.44,157.189949,128.68049
1787,71.48,157.189545,128.615784
1788,71.52,157.189178,128.68171
1789,71.56,157.201681,128.522164
1790,71.6,157.169736,128.463101
1791,71.64,157.16721,128.450368
1792,71.68,157.168206,128.46367
1793,71.72,157.15639,128.396055
1794,71.76,157.056867,128.362984
1795,71.8,157.001973,128.369424
1796,71.84,157.05583,128.363225
1797,71.88,156.943828,128.26445
1798,71.92,156.830721,128.086868
1799,71.96,156.71186,127.916589
1800,72,156.71187,127.916548
1801,72.04,156.71188,127.916506
1802,72.08,156.601641,127.763694
1803,72.12,156.559542,127.732222
1804,72.16,156.600453,127.766281
1805,72.2,156.51663,127.728696
1806,72.24,156.365601,127.697708
1807,72.28,156.29495,127.73413
1808,72.32,156.363889,127.700199
1809,72.36,156.176579,127.725565
1810,72.4,155.945585,127.729045
1811,72.44,155.693293,127.768509
1812,72.48,155.94651,127.727936
1813,72.52,155.144253,127.941029
1814,72.56,154.630633,128.558419
1815,72.6,153.442834,129.778857
1816,72.64,154.684918,128.612696
1817,72.68,154.049368,129.607275
1818,72.72,152.665806,131.344489
1819,72.76,152.058741,132.166071
1820,72.8,152.663569,131.35909
1821,72.84,151.546379,132.76689
1822,72.88,150.632996,133.70757
1823,72.92,150.26806,134.028578
1824,72.96,150.6301,133.708452
1825,73,149.915155,134.289013
1826,73.04,149.415758,134.638125
1827,73.08,149.268203,134.749854
1828,73.12,149.415741,134.636745
1829,73.16,149.193633,134.811921
1830,73.2,149.265959,134.720089
1831,73.24,149.472158,134.565575
1832,73.28,149.265423,134.720559
1833,73.32,149.761745,134.300493
1834,73.36,150.693154,133.480165
1835,73.4,151.311467,132.961925
1836,73.44,150.691096,133.484639
1837,73.48,151.951089,132.401127
1838,73.52,153.572606,131.044052
1839,73.56,154.676618,130.197546
1840,73.6,153.574144,131.048482
1841,73.64,155.413548,129.616438
1842,73.68,157.463706,128.259466
1843,73.72,158.806679,127.576601
1844,73.76,157.47855,128.251098
1845,73.8,159.885077,127.045282
1846,73.84,162.402905,125.908349
1847,73.88,163.900018,125.330652
1848,73.92,162.41147,125.904048
1849,73.96,165.035441,124.768296
1850,74,167.697892,123.69971
1851,74.04,169.138088,123.233291
1852,74.08,167.735744,123.674645
1853,74.12,170.310861,122.875826
1854,74.16,172.565266,122.343633
1855,74.2,173.534076,122.223728
1856,74.24,172.570162,122.345102
1857,74.28,174.320475,122.284645
1858,74.32,175.60689,122.321701
1859,74.36,176.159015,122.278959
1860,74.4,175.608422,122.321043
1861,74.44,176.719583,122.312805
1862,74.48,177.582931,122.207874
1863,74.52,177.811201,122.224762
1864,74.56,177.582334,122.206683
1865,74.6,177.986458,122.29063
1866,74.64,178.014163,122.337789
1867,74.68,177.854808,122.368431
1868,74.72,178.012709,122.337708
1869,74.76,177.629811,122.439704
1870,74.8,176.829392,122.648288
1871,74.84,176.302069,122.714783
1872,74.88,176.828478,122.648286
1873,74.92,175.612119,122.711825
1874,74.96,173.916934,122.807413
1875,75,172.881254,122.907287
1876,75.04,173.920435,122.809226
1877,75.08,171.797227,123.153523
1878,75.12,169.651658,123.586414
1879,75.16,168.498234,123.767067
1880,75.2,169.664249,123.582536
1881,75.24,167.28124,124.126894
1882,75.28,164.668077,124.993493
1883,75.32,163.231788,125.397282
1884,75.36,164.687302,124.997939
1885,75.4,162.055243,125.909919
1886,75.44,159.593546,126.775787
1887,75.48,158.528059,127.153251
1888,75.52,159.590383,126.776121
1889,75.56,157.702754,127.483656
1890,75.6,156.579791,127.951601
1891,75.64,156.271054,128.112079
1892,75.68,156.577408,127.952057
1893,75.72,156.063653,128.21816
1894,75.76,155.97965,128.391855
1895,75.8,156.039491,128.449103
1896,75.84,155.979729,128.391229
1897,75.88,156.103614,128.537828
1898,75.92,156.219418,128.572887
1899,75.96,156.330992,128.597457
1900,76,156.331023,128.597479
1901,76.04,156.331054,128.597501
1902,76.08,156.538271,128.766007
1903,76.12,156.682776,128.987864
1904,76.16,156.530232,128.767811
1905,76.2,156.789301,129.268329
1906,76.24,156.970151,129.677729
1907,76.28,156.990823,129.788842
1908,76.32,156.964394,129.676771
1909,76.36,156.976853,129.863375
1910,76.4,156.994639,129.904994
1911,76.44,157.020045,129.858573
1912,76.48,156.993508,129.903681
1913,76.52,157.104463,129.797299
1914,76.56,157.28245,129.709566
1915,76.6,157.370096,129.612064
1916,76.64,157.280832,129.708934
1917,76.68,157.424351,129.51238
1918,76.72,157.398182,129.308075
1919,76.76,157.336068,129.184692
1920,76.8,157.397375,129.305438
1921,76.84,157.306107,129.048529
1922,76.88,157.239953,128.933136
1923,76.92,157.289576,128.865222
1924,76.96,157.239318,128.933114
